<?xml version="1.0" encoding="UTF-8"?>
<!DOCTYPE generatorConfiguration
  PUBLIC "-//mybatis.org//DTD MyBatis Generator Configuration 1.0//EN"
  "http://mybatis.org/dtd/mybatis-generator-config_1_0.dtd">

<generatorConfiguration>
  <classPathEntry location="db/ojdbc14.jar" />

  <context id="oracleTables" targetRuntime="MyBatis3">
	<commentGenerator>
		<property name="javaFileEncoding" value="UTF-8"/>
	</commentGenerator>

    
    <jdbcConnection driverClass="oracle.jdbc.driver.OracleDriver"
        connectionURL="jdbc:oracle:thin:@192.168.168.169:1521:ORCL"
        userId="user"
        password="root">
    </jdbcConnection>

  <!--
	<jdbcConnection driverClass="com.mysql.jdbc.Driver"
        connectionURL="jdbc:mysql://localhost:3306/dcogp"
        userId="root"
        password="000000">
    </jdbcConnection>-->

    <javaTypeResolver >
      <property name="forceBigDecimals" value="false" />
    </javaTypeResolver>

    <javaModelGenerator targetPackage="com.sinosoft.dcojp.model" targetProject="src">
      <property name="enableSubPackages" value="true" />
      <property name="trimStrings" value="true" />
    </javaModelGenerator>

    <sqlMapGenerator targetPackage="mybatis"  targetProject="src">
      <property name="enableSubPackages" value="true" />
    </sqlMapGenerator>

    <javaClientGenerator type="XMLMAPPER" targetPackage="com.sinosoft.dcojp.mapper"  targetProject="src">
      <property name="enableSubPackages" value="true" />
    </javaClientGenerator>

	<!--
	<table schema="" tableName="AUCT_USER">	 
	     <property name="useActualColumnNames" value="true"/>		
		 <ignoreColumn column="CREATE_TIME" />	
	<table schema="" domainObjectName="UserArea" tableName="da_user_area">
		<generatedKey column="ua_id" sqlStatement="SELECT LAST_INSERT_ID()"/>
	</table>
	-->

<table schema="" tableName="LOG_TYPE">
</table>


  </context>
</generatorConfiguration>

